{
  "policy_evaluation": {
    "wall_time_sec": 0.006428200053051114,
    "cpu_time_sec": 0.0,
    "current_memory_mb": 0.013217926025390625,
    "peak_memory_mb": 0.015468597412109375
  },
  "policy_iteration": {
    "wall_time_sec": 0.3884892000351101,
    "cpu_time_sec": 0.34375,
    "current_memory_mb": 0.06336593627929688,
    "peak_memory_mb": 0.06353759765625
  },
  "value_iteration": {
    "wall_time_sec": 0.016044100048020482,
    "cpu_time_sec": 0.0,
    "current_memory_mb": 0.012432098388671875,
    "peak_memory_mb": 0.014675140380859375
  },
  "linear_programming": {
    "wall_time_sec": 0.016352200065739453,
    "cpu_time_sec": 0.0,
    "current_memory_mb": 0.046417236328125,
    "peak_memory_mb": 0.4055824279785156
  }
}
