{
  "policy_evaluation": {
    "wall_time_sec": 0.004018460999759554,
    "cpu_time_sec": 0.0042968000000001005,
    "current_memory_mb": 0.021060943603515625,
    "peak_memory_mb": 0.02327728271484375
  },
  "policy_iteration": {
    "wall_time_sec": 0.36245303900068393,
    "cpu_time_sec": 0.39016610000000007,
    "current_memory_mb": 0.06914901733398438,
    "peak_memory_mb": 0.0695343017578125
  },
  "value_iteration": {
    "wall_time_sec": 0.009336555000118096,
    "cpu_time_sec": 0.01005250000000002,
    "current_memory_mb": 0.01589679718017578,
    "peak_memory_mb": 0.018105506896972656
  },
  "linear_programming": {
    "wall_time_sec": 0.028990754000005836,
    "cpu_time_sec": 0.04036490000000015,
    "current_memory_mb": 0.05938148498535156,
    "peak_memory_mb": 0.40652942657470703
  }
}
