{
  "policy_evaluation": {
    "wall_time_sec": 0.0055202870007633464,
    "cpu_time_sec": 0.005903200000000108,
    "current_memory_mb": 0.021060943603515625,
    "peak_memory_mb": 0.02327728271484375
  },
  "policy_iteration": {
    "wall_time_sec": 0.3853708959995856,
    "cpu_time_sec": 0.4120020000000002,
    "current_memory_mb": 0.06914901733398438,
    "peak_memory_mb": 0.0695343017578125
  },
  "value_iteration": {
    "wall_time_sec": 0.010113309999724152,
    "cpu_time_sec": 0.010817499999999924,
    "current_memory_mb": 0.01589679718017578,
    "peak_memory_mb": 0.018105506896972656
  },
  "linear_programming": {
    "wall_time_sec": 0.017324729000392836,
    "cpu_time_sec": 0.04078219999999977,
    "current_memory_mb": 0.05938148498535156,
    "peak_memory_mb": 0.40652942657470703
  }
}
