{
  "policy_evaluation": {
    "wall_time_sec": 0.004592238999975962,
    "cpu_time_sec": 0.004844400000000082,
    "current_memory_mb": 0.021060943603515625,
    "peak_memory_mb": 0.02327728271484375
  },
  "policy_iteration": {
    "wall_time_sec": 0.37662470799932635,
    "cpu_time_sec": 0.3972593,
    "current_memory_mb": 0.06914901733398438,
    "peak_memory_mb": 0.0695343017578125
  },
  "value_iteration": {
    "wall_time_sec": 0.008818910999252694,
    "cpu_time_sec": 0.00930529999999985,
    "current_memory_mb": 0.01589679718017578,
    "peak_memory_mb": 0.018105506896972656
  },
  "linear_programming": {
    "wall_time_sec": 0.01680951400066988,
    "cpu_time_sec": 0.03989100000000034,
    "current_memory_mb": 0.05953407287597656,
    "peak_memory_mb": 0.4066286087036133
  }
}
