{
  "policy_evaluation": {
    "wall_time_sec": 0.004244785000992124,
    "cpu_time_sec": 0.0041343999999998715,
    "current_memory_mb": 0.018802642822265625,
    "peak_memory_mb": 0.02101898193359375
  },
  "policy_iteration": {
    "wall_time_sec": 0.40605134799989173,
    "cpu_time_sec": 0.39564759999999977,
    "current_memory_mb": 0.06995010375976562,
    "peak_memory_mb": 0.06995010375976562
  },
  "value_iteration": {
    "wall_time_sec": 0.010242489001029753,
    "cpu_time_sec": 0.00997160000000008,
    "current_memory_mb": 0.01588916778564453,
    "peak_memory_mb": 0.018097877502441406
  },
  "linear_programming": {
    "wall_time_sec": 0.012509371999840369,
    "cpu_time_sec": 0.023858000000000157,
    "current_memory_mb": 0.06354904174804688,
    "peak_memory_mb": 0.4096860885620117
  }
}
