{
  "td_zero": {
    "wall_time_sec": 1.3846998626831919e-05,
    "cpu_time_sec": 1.0800000000088517e-05,
    "current_memory_mb": 0.00038909912109375,
    "peak_memory_mb": 0.00038909912109375
  },
  "td_lambda": {
    "wall_time_sec": 3.2820007618283853e-06,
    "cpu_time_sec": 3.1000000006997652e-06,
    "current_memory_mb": 0.00038909912109375,
    "peak_memory_mb": 0.00038909912109375
  },
  "sarsa": {
    "wall_time_sec": 1.948999852174893e-06,
    "cpu_time_sec": 1.8999999999991246e-06,
    "current_memory_mb": 0.00038909912109375,
    "peak_memory_mb": 0.00038909912109375
  },
  "q_learning": {
    "wall_time_sec": 1.6410012904088944e-06,
    "cpu_time_sec": 1.699999999438262e-06,
    "current_memory_mb": 0.00038909912109375,
    "peak_memory_mb": 0.00038909912109375
  }
}
