{
  "td_zero": {
    "wall_time_sec": 0.4388688400013052,
    "cpu_time_sec": 0.42796769999999995,
    "current_memory_mb": 0.05699348449707031,
    "peak_memory_mb": 0.06170082092285156,
    "environment_steps": 85692,
    "q_updates": 0
  },
  "td_lambda": {
    "wall_time_sec": 3.611151515999154,
    "cpu_time_sec": 3.5214163000000003,
    "current_memory_mb": 0.038186073303222656,
    "peak_memory_mb": 0.04793262481689453,
    "environment_steps": 85692,
    "q_updates": 0
  },
  "sarsa": {
    "wall_time_sec": 0.13507876799849328,
    "cpu_time_sec": 0.13172680000000092,
    "current_memory_mb": 0.884953498840332,
    "peak_memory_mb": 0.8853693008422852,
    "environment_steps": 20185,
    "q_updates": 20185
  },
  "q_learning": {
    "wall_time_sec": 0.16238821400111192,
    "cpu_time_sec": 0.15835939999999837,
    "current_memory_mb": 0.8796224594116211,
    "peak_memory_mb": 0.880061149597168,
    "environment_steps": 19947,
    "q_updates": 19947
  }
}
